Title,Description,Link,Media URL,Pinterest board,Publish date
Free 15 Addition Math Worksheet For Grade 1 With Answers | Printable Practice,Help kids master Addition with this printable worksheet for Grade 1. Great for daily math practice.,https://mathworksheethub.github.io/html/free-15-addition-math-worksheet-for-grade-1-with-answers-9259.html,https://mathworksheethub.github.io/images/free-15-addition-math-worksheet-for-grade-1-with-answers-9259.jpg,Printable Worksheets,03/17/2026 08:34:00 AM
"Count and Color Square, Car, Square Worksheet for Kids",Help kids master Count and Color with this printable worksheet for Kindergarten. Great for daily math practice.,https://mathworksheethub.github.io/html/count-and-color-square-car-square-worksheet-for-kids-2242.html,https://mathworksheethub.github.io/images/count-and-color-square-car-square-worksheet-for-kids-2242.jpg,Elementary Math Activities,03/17/2026 11:02:00 AM
Pre-K Count The Objects Worksheet - Part 3 | Printable Practice,Fun and engaging Counting Objects worksheet for Pre-K. Perfect printable math practice.,https://mathworksheethub.github.io/html/pre-k-count-the-objects-worksheet-part-3-2350.html,https://mathworksheethub.github.io/images/pre-k-count-the-objects-worksheet-part-3-2350.jpg,Printable Worksheets,03/17/2026 01:28:00 PM
Printable Free 10 Division Math Worksheet For Grade 2 - Part 4 | Printable Practice,Fun and engaging Division worksheet for Grade 2. Perfect printable math practice.,https://mathworksheethub.github.io/html/printable-free-10-division-math-worksheet-for-grade-2-part-4-8444.html,https://mathworksheethub.github.io/images/printable-free-10-division-math-worksheet-for-grade-2-part-4-8444.jpg,Elementary Math Activities,03/17/2026 04:38:00 PM
Complete Math Knowledge Test Test Worksheet,Teachers and parents love this Math worksheet for Math. Download and print instantly.,https://mathworksheethub.github.io/html/complete-math-knowledge-test-test-worksheet-7212.html,https://mathworksheethub.github.io/images/complete-math-knowledge-test-test-worksheet-7212.jpg,Homeschool Math,03/17/2026 08:37:00 PM
Missing Number Math Worksheet,Free printable Missing Number worksheet for Grade 1. Perfect for homeschool practice and classroom activities.,https://mathworksheethub.github.io/html/missing-number-math-worksheet-1357.html,https://mathworksheethub.github.io/images/missing-number-math-worksheet-1357.jpg,Printable Worksheets,03/18/2026 08:24:00 AM
Mixed Operations Math Worksheet,Printable Mixed Operations worksheet designed for Grade 3 students. Easy and fun math practice.,https://mathworksheethub.github.io/html/mixed-operations-math-worksheet-8610.html,https://mathworksheethub.github.io/images/mixed-operations-math-worksheet-8610.jpg,Kids Math Worksheets,03/18/2026 11:00:00 AM
Free 23 Multiplication Math Worksheet For Grade 2 - Part 8 | Printable Practice,Teachers and parents love this Multiplication worksheet for Grade 2. Download and print instantly.,https://mathworksheethub.github.io/html/free-23-multiplication-math-worksheet-for-grade-2-part-8-3996.html,https://mathworksheethub.github.io/images/free-23-multiplication-math-worksheet-for-grade-2-part-8-3996.jpg,Kids Math Worksheets,03/18/2026 01:33:00 PM
Printable Free 26 Subtraction Math Worksheet For Grade 5 - Part 9 | Printable Practice,Fun and engaging Subtraction worksheet for Grade 5. Perfect printable math practice.,https://mathworksheethub.github.io/html/printable-free-26-subtraction-math-worksheet-for-grade-5-part-9-4460.html,https://mathworksheethub.github.io/images/printable-free-26-subtraction-math-worksheet-for-grade-5-part-9-4460.jpg,Homeschool Math,03/18/2026 04:36:00 PM
2 Times Table Worksheet For Grade 2 With Answers - Part 10 | Printable Practice,Teachers and parents love this Times Table worksheet for Grade 2. Download and print instantly.,https://mathworksheethub.github.io/html/2-times-table-worksheet-for-grade-2-with-answers-part-10-9810.html,https://mathworksheethub.github.io/images/2-times-table-worksheet-for-grade-2-with-answers-part-10-9810.jpg,Homeschool Math,03/18/2026 08:33:00 PM
Printable Tracing Worksheet For Kids - Part 11 | Free Printable,Teachers and parents love this Tracing worksheet for Preschool. Download and print instantly.,https://mathworksheethub.github.io/html/printable-tracing-worksheet-for-kids-part-11-5495.html,https://mathworksheethub.github.io/images/printable-tracing-worksheet-for-kids-part-11-5495.jpg,Math Practice Printables,03/19/2026 08:31:00 AM
Math Word Problem Worksheet,Free printable Word Problem worksheet for Grade 3. Perfect for homeschool practice and classroom activities.,https://mathworksheethub.github.io/html/math-word-problem-worksheet-3095.html,https://mathworksheethub.github.io/images/math-word-problem-worksheet-3095.jpg,Homeschool Math,03/19/2026 11:00:00 AM
Printable Free 17 Addition Math Worksheet For Grade 1 - Part 13 | Printable Practice,Free printable Addition worksheet for Grade 1. Perfect for homeschool practice and classroom activities.,https://mathworksheethub.github.io/html/printable-free-17-addition-math-worksheet-for-grade-1-part-13-7335.html,https://mathworksheethub.github.io/images/printable-free-17-addition-math-worksheet-for-grade-1-part-13-7335.jpg,Math Practice Printables,03/19/2026 01:33:00 PM
4 Free Count and Color Worksheets for Kindergarten,Printable Count and Color worksheet designed for Kindergarten students. Easy and fun math practice.,https://mathworksheethub.github.io/html/4-free-count-and-color-worksheets-for-kindergarten-4884.html,https://mathworksheethub.github.io/images/4-free-count-and-color-worksheets-for-kindergarten-4884.jpg,Math Practice Printables,03/19/2026 04:23:00 PM
Pre-K Count The Objects Worksheet - Part 15 | Printable Practice,Help kids master Counting Objects with this printable worksheet for Pre-K. Great for daily math practice.,https://mathworksheethub.github.io/html/pre-k-count-the-objects-worksheet-part-15-7116.html,https://mathworksheethub.github.io/images/pre-k-count-the-objects-worksheet-part-15-7116.jpg,Printable Worksheets,03/19/2026 08:27:00 PM
Free 10 Division Math Worksheet For Grade 2 With Answers - Part 16 | Printable Practice,Fun and engaging Division worksheet for Grade 2. Perfect printable math practice.,https://mathworksheethub.github.io/html/free-10-division-math-worksheet-for-grade-2-with-answers-part-16-8555.html,https://mathworksheethub.github.io/images/free-10-division-math-worksheet-for-grade-2-with-answers-part-16-8555.jpg,Elementary Math Activities,03/20/2026 08:27:00 AM
4 Math Challenge,Free printable Math worksheet for Math. Perfect for homeschool practice and classroom activities.,https://mathworksheethub.github.io/html/4-math-challenge-5194.html,https://mathworksheethub.github.io/images/4-math-challenge-5194.jpg,Elementary Math Activities,03/20/2026 11:05:00 AM
Missing Number Math Worksheet,Fun and engaging Missing Number worksheet for Grade 1. Perfect printable math practice.,https://mathworksheethub.github.io/html/missing-number-math-worksheet-7181.html,https://mathworksheethub.github.io/images/missing-number-math-worksheet-7181.jpg,Kids Math Worksheets,03/20/2026 01:36:00 PM
Mixed Operations Math Worksheet,Printable Mixed Operations worksheet designed for Grade 3 students. Easy and fun math practice.,https://mathworksheethub.github.io/html/mixed-operations-math-worksheet-8566.html,https://mathworksheethub.github.io/images/mixed-operations-math-worksheet-8566.jpg,Printable Worksheets,03/20/2026 04:29:00 PM
Grade 2 Multiplication Practice Worksheet (30 Problems) - Part 20 | Printable Practice,Teachers and parents love this Multiplication worksheet for Grade 2. Download and print instantly.,https://mathworksheethub.github.io/html/grade-2-multiplication-practice-worksheet-30-problems-part-20-3116.html,https://mathworksheethub.github.io/images/grade-2-multiplication-practice-worksheet-30-problems-part-20-3116.jpg,Printable Worksheets,03/20/2026 08:26:00 PM
Free 11 Subtraction Math Worksheet For Grade 3 - Part 21 | Printable Practice,Help kids master Subtraction with this printable worksheet for Grade 3. Great for daily math practice.,https://mathworksheethub.github.io/html/free-11-subtraction-math-worksheet-for-grade-3-part-21-1603.html,https://mathworksheethub.github.io/images/free-11-subtraction-math-worksheet-for-grade-3-part-21-1603.jpg,Kids Math Worksheets,03/21/2026 08:38:00 AM
6 Times Table Worksheet For Grade 3 - Part 22 | Printable Practice,Teachers and parents love this Times Table worksheet for Grade 3. Download and print instantly.,https://mathworksheethub.github.io/html/6-times-table-worksheet-for-grade-3-part-22-3619.html,https://mathworksheethub.github.io/images/6-times-table-worksheet-for-grade-3-part-22-3619.jpg,Homeschool Math,03/21/2026 11:00:00 AM
Printable Tracing Worksheet For Kids - Part 23 | Free Printable,Printable Tracing worksheet designed for Kindergarten students. Easy and fun math practice.,https://mathworksheethub.github.io/html/printable-tracing-worksheet-for-kids-part-23-5291.html,https://mathworksheethub.github.io/images/printable-tracing-worksheet-for-kids-part-23-5291.jpg,Elementary Math Activities,03/21/2026 01:34:00 PM
Math Word Problem Worksheet,Printable Word Problem worksheet designed for Grade 3 students. Easy and fun math practice.,https://mathworksheethub.github.io/html/math-word-problem-worksheet-8941.html,https://mathworksheethub.github.io/images/math-word-problem-worksheet-8941.jpg,Math Practice Printables,03/21/2026 04:38:00 PM
Free 13 Addition Math Worksheet For Grade 1 With Answers - Part 25 | Printable Practice,Free printable Addition worksheet for Grade 1. Perfect for homeschool practice and classroom activities.,https://mathworksheethub.github.io/html/free-13-addition-math-worksheet-for-grade-1-with-answers-part-25-8092.html,https://mathworksheethub.github.io/images/free-13-addition-math-worksheet-for-grade-1-with-answers-part-25-8092.jpg,Kids Math Worksheets,03/21/2026 08:25:00 PM
Printable Count and Color Worksheet for Kindergarten Kids,Fun and engaging Count and Color worksheet for Kindergarten. Perfect printable math practice.,https://mathworksheethub.github.io/html/printable-count-and-color-worksheet-for-kindergarten-kids-3538.html,https://mathworksheethub.github.io/images/printable-count-and-color-worksheet-for-kindergarten-kids-3538.jpg,Math Practice Printables,03/22/2026 08:26:00 AM
Pre-K Count The Objects Worksheet - Part 27 | Printable Practice,Free printable Counting Objects worksheet for Pre-K. Perfect for homeschool practice and classroom activities.,https://mathworksheethub.github.io/html/pre-k-count-the-objects-worksheet-part-27-8326.html,https://mathworksheethub.github.io/images/pre-k-count-the-objects-worksheet-part-27-8326.jpg,Homeschool Math,03/22/2026 11:00:00 AM
Printable Free 22 Division Math Worksheet For Grade 1 - Part 28 | Printable Practice,Teachers and parents love this Division worksheet for Grade 1. Download and print instantly.,https://mathworksheethub.github.io/html/printable-free-22-division-math-worksheet-for-grade-1-part-28-6927.html,https://mathworksheethub.github.io/images/printable-free-22-division-math-worksheet-for-grade-1-part-28-6927.jpg,Math Practice Printables,03/22/2026 01:30:00 PM
4 Mathematics Quiz,Printable Math worksheet designed for Math students. Easy and fun math practice.,https://mathworksheethub.github.io/html/4-mathematics-quiz-4815.html,https://mathworksheethub.github.io/images/4-mathematics-quiz-4815.jpg,Printable Worksheets,03/22/2026 04:26:00 PM
Missing Number Math Worksheet,Teachers and parents love this Missing Number worksheet for Grade 1. Download and print instantly.,https://mathworksheethub.github.io/html/missing-number-math-worksheet-4804.html,https://mathworksheethub.github.io/images/missing-number-math-worksheet-4804.jpg,Printable Worksheets,03/22/2026 08:28:00 PM
Mixed Operations Math Worksheet,Printable Mixed Operations worksheet designed for Grade 3 students. Easy and fun math practice.,https://mathworksheethub.github.io/html/mixed-operations-math-worksheet-9776.html,https://mathworksheethub.github.io/images/mixed-operations-math-worksheet-9776.jpg,Elementary Math Activities,03/23/2026 08:24:00 AM
Free 14 Multiplication Math Worksheet For Grade 2 With Answers - Part 32 | Printable Practice,Teachers and parents love this Multiplication worksheet for Grade 2. Download and print instantly.,https://mathworksheethub.github.io/html/free-14-multiplication-math-worksheet-for-grade-2-with-answers-part-32-2641.html,https://mathworksheethub.github.io/images/free-14-multiplication-math-worksheet-for-grade-2-with-answers-part-32-2641.jpg,Homeschool Math,03/23/2026 11:00:00 AM
Grade 5 Subtraction Practice Worksheet (15 Problems) - Part 33 | Printable Practice,Help kids master Subtraction with this printable worksheet for Grade 5. Great for daily math practice.,https://mathworksheethub.github.io/html/grade-5-subtraction-practice-worksheet-15-problems-part-33-8735.html,https://mathworksheethub.github.io/images/grade-5-subtraction-practice-worksheet-15-problems-part-33-8735.jpg,Homeschool Math,03/23/2026 01:30:00 PM
3 Times Table Worksheet For Grade 2 With Answers - Part 34 | Printable Practice,Teachers and parents love this Times Table worksheet for Grade 2. Download and print instantly.,https://mathworksheethub.github.io/html/3-times-table-worksheet-for-grade-2-with-answers-part-34-3667.html,https://mathworksheethub.github.io/images/3-times-table-worksheet-for-grade-2-with-answers-part-34-3667.jpg,Homeschool Math,03/23/2026 04:34:00 PM
Printable Tracing Worksheet For Kids - Part 35 | Free Printable,Help kids master Tracing with this printable worksheet for Kindergarten. Great for daily math practice.,https://mathworksheethub.github.io/html/printable-tracing-worksheet-for-kids-part-35-8024.html,https://mathworksheethub.github.io/images/printable-tracing-worksheet-for-kids-part-35-8024.jpg,Elementary Math Activities,03/23/2026 08:25:00 PM
Math Word Problem Worksheet,Free printable Word Problem worksheet for Grade 3. Perfect for homeschool practice and classroom activities.,https://mathworksheethub.github.io/html/math-word-problem-worksheet-9436.html,https://mathworksheethub.github.io/images/math-word-problem-worksheet-9436.jpg,Printable Worksheets,03/24/2026 08:35:00 AM
Printable Free 10 Addition Math Worksheet For Grade 5 - Part 37 | Printable Practice,Fun and engaging Addition worksheet for Grade 5. Perfect printable math practice.,https://mathworksheethub.github.io/html/printable-free-10-addition-math-worksheet-for-grade-5-part-37-4541.html,https://mathworksheethub.github.io/images/printable-free-10-addition-math-worksheet-for-grade-5-part-37-4541.jpg,Elementary Math Activities,03/24/2026 11:00:00 AM
Printable Count and Color Worksheet for Preschool Kids,Help kids master Count and Color with this printable worksheet for Preschool. Great for daily math practice.,https://mathworksheethub.github.io/html/printable-count-and-color-worksheet-for-preschool-kids-9687.html,https://mathworksheethub.github.io/images/printable-count-and-color-worksheet-for-preschool-kids-9687.jpg,Kids Math Worksheets,03/24/2026 01:37:00 PM
Kindergarten Count The Objects Worksheet - Part 39 | Printable Practice,Teachers and parents love this Counting Objects worksheet for Kindergarten. Download and print instantly.,https://mathworksheethub.github.io/html/kindergarten-count-the-objects-worksheet-part-39-3797.html,https://mathworksheethub.github.io/images/kindergarten-count-the-objects-worksheet-part-39-3797.jpg,Math Practice Printables,03/24/2026 04:33:00 PM
Grade 2 Division Practice Worksheet (18 Problems) - Part 40 | Printable Practice,Free printable Division worksheet for Grade 2. Perfect for homeschool practice and classroom activities.,https://mathworksheethub.github.io/html/grade-2-division-practice-worksheet-18-problems-part-40-9095.html,https://mathworksheethub.github.io/images/grade-2-division-practice-worksheet-18-problems-part-40-9095.jpg,Homeschool Math,03/24/2026 08:31:00 PM
Interactive Math Questions Worksheet,Fun and engaging Math worksheet for Math. Perfect printable math practice.,https://mathworksheethub.github.io/html/interactive-math-questions-worksheet-4507.html,https://mathworksheethub.github.io/images/interactive-math-questions-worksheet-4507.jpg,Homeschool Math,03/25/2026 08:38:00 AM
Missing Number Math Worksheet,Help kids master Missing Number with this printable worksheet for Grade 1. Great for daily math practice.,https://mathworksheethub.github.io/html/missing-number-math-worksheet-5562.html,https://mathworksheethub.github.io/images/missing-number-math-worksheet-5562.jpg,Elementary Math Activities,03/25/2026 11:00:00 AM
Mixed Operations Math Worksheet,Teachers and parents love this Mixed Operations worksheet for Grade 3. Download and print instantly.,https://mathworksheethub.github.io/html/mixed-operations-math-worksheet-3350.html,https://mathworksheethub.github.io/images/mixed-operations-math-worksheet-3350.jpg,Printable Worksheets,03/25/2026 01:37:00 PM
Free 17 Multiplication Math Worksheet For Grade 2 - Part 44 | Printable Practice,Fun and engaging Multiplication worksheet for Grade 2. Perfect printable math practice.,https://mathworksheethub.github.io/html/free-17-multiplication-math-worksheet-for-grade-2-part-44-1946.html,https://mathworksheethub.github.io/images/free-17-multiplication-math-worksheet-for-grade-2-part-44-1946.jpg,Math Practice Printables,03/25/2026 04:31:00 PM
Printable Free 18 Subtraction Math Worksheet For Grade 3 - Part 45 | Printable Practice,Help kids master Subtraction with this printable worksheet for Grade 3. Great for daily math practice.,https://mathworksheethub.github.io/html/printable-free-18-subtraction-math-worksheet-for-grade-3-part-45-9747.html,https://mathworksheethub.github.io/images/printable-free-18-subtraction-math-worksheet-for-grade-3-part-45-9747.jpg,Homeschool Math,03/25/2026 08:32:00 PM
Grade 3 Multiplication Table 6 Practice - Part 46 | Printable Practice,Teachers and parents love this Times Table worksheet for Grade 3. Download and print instantly.,https://mathworksheethub.github.io/html/grade-3-multiplication-table-6-practice-part-46-3569.html,https://mathworksheethub.github.io/images/grade-3-multiplication-table-6-practice-part-46-3569.jpg,Printable Worksheets,03/26/2026 08:24:00 AM
Printable Tracing Worksheet For Kids - Part 47 | Free Printable,Fun and engaging Tracing worksheet for Preschool. Perfect printable math practice.,https://mathworksheethub.github.io/html/printable-tracing-worksheet-for-kids-part-47-6857.html,https://mathworksheethub.github.io/images/printable-tracing-worksheet-for-kids-part-47-6857.jpg,Math Practice Printables,03/26/2026 11:00:00 AM
Math Word Problem Worksheet,Teachers and parents love this Word Problem worksheet for Grade 3. Download and print instantly.,https://mathworksheethub.github.io/html/math-word-problem-worksheet-2158.html,https://mathworksheethub.github.io/images/math-word-problem-worksheet-2158.jpg,Homeschool Math,03/26/2026 01:28:00 PM
Grade 5 Addition Practice Worksheet (23 Problems) - Part 49 | Printable Practice,Free printable Addition worksheet for Grade 5. Perfect for homeschool practice and classroom activities.,https://mathworksheethub.github.io/html/grade-5-addition-practice-worksheet-23-problems-part-49-9846.html,https://mathworksheethub.github.io/images/grade-5-addition-practice-worksheet-23-problems-part-49-9846.jpg,Kids Math Worksheets,03/26/2026 04:24:00 PM
Grade 1 Count and Color Shapes Worksheet,Fun and engaging Count and Color worksheet for Grade 1. Perfect printable math practice.,https://mathworksheethub.github.io/html/grade-1-count-and-color-shapes-worksheet-6255.html,https://mathworksheethub.github.io/images/grade-1-count-and-color-shapes-worksheet-6255.jpg,Printable Worksheets,03/26/2026 08:32:00 PM
Free Counting Objects Worksheet For Kindergarten Printable - Part 51 | Printable Practice,Printable Counting Objects worksheet designed for Kindergarten students. Easy and fun math practice.,https://mathworksheethub.github.io/html/free-counting-objects-worksheet-for-kindergarten-printable-part-51-8405.html,https://mathworksheethub.github.io/images/free-counting-objects-worksheet-for-kindergarten-printable-part-51-8405.jpg,Kids Math Worksheets,03/27/2026 08:36:00 AM
Printable Free 10 Division Math Worksheet For Grade 1 - Part 52 | Printable Practice,Fun and engaging Division worksheet for Grade 1. Perfect printable math practice.,https://mathworksheethub.github.io/html/printable-free-10-division-math-worksheet-for-grade-1-part-52-1964.html,https://mathworksheethub.github.io/images/printable-free-10-division-math-worksheet-for-grade-1-part-52-1964.jpg,Homeschool Math,03/27/2026 11:00:00 AM
4 General Math Quiz Worksheet,Help kids master Math with this printable worksheet for Math. Great for daily math practice.,https://mathworksheethub.github.io/html/4-general-math-quiz-worksheet-5627.html,https://mathworksheethub.github.io/images/4-general-math-quiz-worksheet-5627.jpg,Elementary Math Activities,03/27/2026 01:24:00 PM
Missing Number Math Worksheet,Printable Missing Number worksheet designed for Grade 1 students. Easy and fun math practice.,https://mathworksheethub.github.io/html/missing-number-math-worksheet-6035.html,https://mathworksheethub.github.io/images/missing-number-math-worksheet-6035.jpg,Homeschool Math,03/27/2026 04:28:00 PM
Mixed Operations Math Worksheet,Free printable Mixed Operations worksheet for Grade 3. Perfect for homeschool practice and classroom activities.,https://mathworksheethub.github.io/html/mixed-operations-math-worksheet-4512.html,https://mathworksheethub.github.io/images/mixed-operations-math-worksheet-4512.jpg,Printable Worksheets,03/27/2026 08:22:00 PM
Free 16 Multiplication Math Worksheet For Grade 2 With Answers - Part 56 | Printable Practice,Teachers and parents love this Multiplication worksheet for Grade 2. Download and print instantly.,https://mathworksheethub.github.io/html/free-16-multiplication-math-worksheet-for-grade-2-with-answers-part-56-5522.html,https://mathworksheethub.github.io/images/free-16-multiplication-math-worksheet-for-grade-2-with-answers-part-56-5522.jpg,Elementary Math Activities,03/28/2026 08:22:00 AM
Printable Free 11 Subtraction Math Worksheet For Grade 3 - Part 57 | Printable Practice,Help kids master Subtraction with this printable worksheet for Grade 3. Great for daily math practice.,https://mathworksheethub.github.io/html/printable-free-11-subtraction-math-worksheet-for-grade-3-part-57-5332.html,https://mathworksheethub.github.io/images/printable-free-11-subtraction-math-worksheet-for-grade-3-part-57-5332.jpg,Homeschool Math,03/28/2026 11:00:00 AM
Grade 3 Multiplication Table 8 Practice - Part 58 | Printable Practice,Free printable Times Table worksheet for Grade 3. Perfect for homeschool practice and classroom activities.,https://mathworksheethub.github.io/html/grade-3-multiplication-table-8-practice-part-58-9934.html,https://mathworksheethub.github.io/images/grade-3-multiplication-table-8-practice-part-58-9934.jpg,Homeschool Math,03/28/2026 01:26:00 PM
Printable Tracing Worksheet For Kids - Part 59 | Free Printable,Fun and engaging Tracing worksheet for Preschool. Perfect printable math practice.,https://mathworksheethub.github.io/html/printable-tracing-worksheet-for-kids-part-59-7797.html,https://mathworksheethub.github.io/images/printable-tracing-worksheet-for-kids-part-59-7797.jpg,Math Practice Printables,03/28/2026 04:38:00 PM
Math Word Problem Worksheet,Free printable Word Problem worksheet for Grade 3. Perfect for homeschool practice and classroom activities.,https://mathworksheethub.github.io/html/math-word-problem-worksheet-5940.html,https://mathworksheethub.github.io/images/math-word-problem-worksheet-5940.jpg,Elementary Math Activities,03/28/2026 08:31:00 PM
Free 25 Addition Math Worksheet For Grade 5 With Answers - Part 61 | Printable Practice,Teachers and parents love this Addition worksheet for Grade 5. Download and print instantly.,https://mathworksheethub.github.io/html/free-25-addition-math-worksheet-for-grade-5-with-answers-part-61-3921.html,https://mathworksheethub.github.io/images/free-25-addition-math-worksheet-for-grade-5-with-answers-part-61-3921.jpg,Math Practice Printables,03/29/2026 08:25:00 AM
Free Preschool Count and Color Worksheet,Teachers and parents love this Count and Color worksheet for Preschool. Download and print instantly.,https://mathworksheethub.github.io/html/free-preschool-count-and-color-worksheet-1698.html,https://mathworksheethub.github.io/images/free-preschool-count-and-color-worksheet-1698.jpg,Elementary Math Activities,03/29/2026 11:00:00 AM
Learn Counting With Pictures Worksheet (Kindergarten) - Part 63 | Printable Practice,Teachers and parents love this Counting Objects worksheet for Kindergarten. Download and print instantly.,https://mathworksheethub.github.io/html/learn-counting-with-pictures-worksheet-kindergarten-part-63-7349.html,https://mathworksheethub.github.io/images/learn-counting-with-pictures-worksheet-kindergarten-part-63-7349.jpg,Elementary Math Activities,03/29/2026 01:23:00 PM
Grade 2 Division Practice Worksheet (13 Problems) - Part 64 | Printable Practice,Free printable Division worksheet for Grade 2. Perfect for homeschool practice and classroom activities.,https://mathworksheethub.github.io/html/grade-2-division-practice-worksheet-13-problems-part-64-2454.html,https://mathworksheethub.github.io/images/grade-2-division-practice-worksheet-13-problems-part-64-2454.jpg,Elementary Math Activities,03/29/2026 04:31:00 PM
Printable Math Knowledge Test Worksheet,Help kids master Math with this printable worksheet for Math. Great for daily math practice.,https://mathworksheethub.github.io/html/printable-math-knowledge-test-worksheet-6687.html,https://mathworksheethub.github.io/images/printable-math-knowledge-test-worksheet-6687.jpg,Elementary Math Activities,03/29/2026 08:38:00 PM
Missing Number Math Worksheet,Help kids master Missing Number with this printable worksheet for Grade 1. Great for daily math practice.,https://mathworksheethub.github.io/html/missing-number-math-worksheet-4937.html,https://mathworksheethub.github.io/images/missing-number-math-worksheet-4937.jpg,Math Practice Printables,03/30/2026 08:33:00 AM
Mixed Operations Math Worksheet,Free printable Mixed Operations worksheet for Grade 3. Perfect for homeschool practice and classroom activities.,https://mathworksheethub.github.io/html/mixed-operations-math-worksheet-2222.html,https://mathworksheethub.github.io/images/mixed-operations-math-worksheet-2222.jpg,Elementary Math Activities,03/30/2026 11:00:00 AM
Free 10 Multiplication Math Worksheet For Grade 2 With Answers - Part 68 | Printable Practice,Fun and engaging Multiplication worksheet for Grade 2. Perfect printable math practice.,https://mathworksheethub.github.io/html/free-10-multiplication-math-worksheet-for-grade-2-with-answers-part-68-8648.html,https://mathworksheethub.github.io/images/free-10-multiplication-math-worksheet-for-grade-2-with-answers-part-68-8648.jpg,Elementary Math Activities,03/30/2026 01:34:00 PM
Printable Free 24 Subtraction Math Worksheet For Grade 3 - Part 69 | Printable Practice,Teachers and parents love this Subtraction worksheet for Grade 3. Download and print instantly.,https://mathworksheethub.github.io/html/printable-free-24-subtraction-math-worksheet-for-grade-3-part-69-9695.html,https://mathworksheethub.github.io/images/printable-free-24-subtraction-math-worksheet-for-grade-3-part-69-9695.jpg,Homeschool Math,03/30/2026 04:31:00 PM
2 Times Table Worksheet For Grade 2 - Part 70 | Printable Practice,Free printable Times Table worksheet for Grade 2. Perfect for homeschool practice and classroom activities.,https://mathworksheethub.github.io/html/2-times-table-worksheet-for-grade-2-part-70-8487.html,https://mathworksheethub.github.io/images/2-times-table-worksheet-for-grade-2-part-70-8487.jpg,Kids Math Worksheets,03/30/2026 08:25:00 PM
Printable Tracing Worksheet For Kids - Part 71 | Free Printable,Printable Tracing worksheet designed for Preschool students. Easy and fun math practice.,https://mathworksheethub.github.io/html/printable-tracing-worksheet-for-kids-part-71-8434.html,https://mathworksheethub.github.io/images/printable-tracing-worksheet-for-kids-part-71-8434.jpg,Kids Math Worksheets,03/31/2026 08:23:00 AM
Math Word Problem Worksheet,Teachers and parents love this Word Problem worksheet for Grade 3. Download and print instantly.,https://mathworksheethub.github.io/html/math-word-problem-worksheet-3604.html,https://mathworksheethub.github.io/images/math-word-problem-worksheet-3604.jpg,Elementary Math Activities,03/31/2026 11:00:00 AM
Grade 5 Addition Practice Worksheet (22 Problems) - Part 73 | Printable Practice,Free printable Addition worksheet for Grade 5. Perfect for homeschool practice and classroom activities.,https://mathworksheethub.github.io/html/grade-5-addition-practice-worksheet-22-problems-part-73-8080.html,https://mathworksheethub.github.io/images/grade-5-addition-practice-worksheet-22-problems-part-73-8080.jpg,Kids Math Worksheets,03/31/2026 01:30:00 PM
"Count and Color Circle, Square, Star Worksheet for Kids",Printable Count and Color worksheet designed for Kindergarten students. Easy and fun math practice.,https://mathworksheethub.github.io/html/count-and-color-circle-square-star-worksheet-for-kids-8619.html,https://mathworksheethub.github.io/images/count-and-color-circle-square-star-worksheet-for-kids-8619.jpg,Elementary Math Activities,03/31/2026 04:33:00 PM
Free Counting Objects Worksheet For Kindergarten - Part 75 | Printable Practice,Teachers and parents love this Counting Objects worksheet for Kindergarten. Download and print instantly.,https://mathworksheethub.github.io/html/free-counting-objects-worksheet-for-kindergarten-part-75-1237.html,https://mathworksheethub.github.io/images/free-counting-objects-worksheet-for-kindergarten-part-75-1237.jpg,Kids Math Worksheets,03/31/2026 08:22:00 PM
Printable Free 29 Division Math Worksheet For Grade 1 - Part 76 | Printable Practice,Fun and engaging Division worksheet for Grade 1. Perfect printable math practice.,https://mathworksheethub.github.io/html/printable-free-29-division-math-worksheet-for-grade-1-part-76-2372.html,https://mathworksheethub.github.io/images/printable-free-29-division-math-worksheet-for-grade-1-part-76-2372.jpg,Elementary Math Activities,04/01/2026 08:28:00 AM
Free Printable Math Skill Test Worksheet (4 Questions),Help kids master Math with this printable worksheet for Math. Great for daily math practice.,https://mathworksheethub.github.io/html/free-printable-math-skill-test-worksheet-4-questions-5940.html,https://mathworksheethub.github.io/images/free-printable-math-skill-test-worksheet-4-questions-5940.jpg,Printable Worksheets,04/01/2026 11:00:00 AM
Missing Number Math Worksheet,Free printable Missing Number worksheet for Grade 1. Perfect for homeschool practice and classroom activities.,https://mathworksheethub.github.io/html/missing-number-math-worksheet-2143.html,https://mathworksheethub.github.io/images/missing-number-math-worksheet-2143.jpg,Homeschool Math,04/01/2026 01:36:00 PM
Mixed Operations Math Worksheet,Teachers and parents love this Mixed Operations worksheet for Grade 3. Download and print instantly.,https://mathworksheethub.github.io/html/mixed-operations-math-worksheet-4935.html,https://mathworksheethub.github.io/images/mixed-operations-math-worksheet-4935.jpg,Math Practice Printables,04/01/2026 04:37:00 PM
Grade 2 Multiplication Practice Worksheet (23 Problems) - Part 80 | Printable Practice,Help kids master Multiplication with this printable worksheet for Grade 2. Great for daily math practice.,https://mathworksheethub.github.io/html/grade-2-multiplication-practice-worksheet-23-problems-part-80-6607.html,https://mathworksheethub.github.io/images/grade-2-multiplication-practice-worksheet-23-problems-part-80-6607.jpg,Homeschool Math,04/01/2026 08:35:00 PM
Printable Free 17 Subtraction Math Worksheet For Grade 2 - Part 81 | Printable Practice,Printable Subtraction worksheet designed for Grade 2 students. Easy and fun math practice.,https://mathworksheethub.github.io/html/printable-free-17-subtraction-math-worksheet-for-grade-2-part-81-8034.html,https://mathworksheethub.github.io/images/printable-free-17-subtraction-math-worksheet-for-grade-2-part-81-8034.jpg,Math Practice Printables,04/02/2026 08:33:00 AM
Printable 11 Times Table Worksheet For Grade 4 - Part 82 | Printable Practice,Fun and engaging Times Table worksheet for Grade 4. Perfect printable math practice.,https://mathworksheethub.github.io/html/printable-11-times-table-worksheet-for-grade-4-part-82-7087.html,https://mathworksheethub.github.io/images/printable-11-times-table-worksheet-for-grade-4-part-82-7087.jpg,Printable Worksheets,04/02/2026 11:07:00 AM
Printable Tracing Worksheet For Kids - Part 83 | Free Printable,Teachers and parents love this Tracing worksheet for Kindergarten. Download and print instantly.,https://mathworksheethub.github.io/html/printable-tracing-worksheet-for-kids-part-83-3660.html,https://mathworksheethub.github.io/images/printable-tracing-worksheet-for-kids-part-83-3660.jpg,Homeschool Math,04/02/2026 01:27:00 PM
Math Word Problem Worksheet,Fun and engaging Word Problem worksheet for Grade 3. Perfect printable math practice.,https://mathworksheethub.github.io/html/math-word-problem-worksheet-4244.html,https://mathworksheethub.github.io/images/math-word-problem-worksheet-4244.jpg,Printable Worksheets,04/02/2026 04:26:00 PM
Free 27 Addition Math Worksheet For Grade 3 With Answers - Part 85 | Printable Practice,Free printable Addition worksheet for Grade 3. Perfect for homeschool practice and classroom activities.,https://mathworksheethub.github.io/html/free-27-addition-math-worksheet-for-grade-3-with-answers-part-85-5766.html,https://mathworksheethub.github.io/images/free-27-addition-math-worksheet-for-grade-3-with-answers-part-85-5766.jpg,Elementary Math Activities,04/02/2026 08:23:00 PM
Fun Count and Color Objects Worksheet for Grade 1,Free printable Count and Color worksheet for Grade 1. Perfect for homeschool practice and classroom activities.,https://mathworksheethub.github.io/html/fun-count-and-color-objects-worksheet-for-grade-1-7544.html,https://mathworksheethub.github.io/images/fun-count-and-color-objects-worksheet-for-grade-1-7544.jpg,Printable Worksheets,04/03/2026 08:34:00 AM
Free Counting Objects Worksheet For Kindergarten Printable - Part 87 | Printable Practice,Help kids master Counting Objects with this printable worksheet for Kindergarten. Great for daily math practice.,https://mathworksheethub.github.io/html/free-counting-objects-worksheet-for-kindergarten-printable-part-87-5140.html,https://mathworksheethub.github.io/images/free-counting-objects-worksheet-for-kindergarten-printable-part-87-5140.jpg,Elementary Math Activities,04/03/2026 11:00:00 AM
Free 28 Division Math Worksheet For Grade 2 - Part 88 | Printable Practice,Help kids master Division with this printable worksheet for Grade 2. Great for daily math practice.,https://mathworksheethub.github.io/html/free-28-division-math-worksheet-for-grade-2-part-88-7809.html,https://mathworksheethub.github.io/images/free-28-division-math-worksheet-for-grade-2-part-88-7809.jpg,Printable Worksheets,04/03/2026 01:32:00 PM
8 Math Quiz for High School Students,Teachers and parents love this Math worksheet for Math. Download and print instantly.,https://mathworksheethub.github.io/html/8-math-quiz-for-high-school-students-3452.html,https://mathworksheethub.github.io/images/8-math-quiz-for-high-school-students-3452.jpg,Math Practice Printables,04/03/2026 04:36:00 PM
Missing Number Math Worksheet,Free printable Missing Number worksheet for Grade 1. Perfect for homeschool practice and classroom activities.,https://mathworksheethub.github.io/html/missing-number-math-worksheet-5901.html,https://mathworksheethub.github.io/images/missing-number-math-worksheet-5901.jpg,Printable Worksheets,04/03/2026 08:37:00 PM
Mixed Operations Math Worksheet,Help kids master Mixed Operations with this printable worksheet for Grade 3. Great for daily math practice.,https://mathworksheethub.github.io/html/mixed-operations-math-worksheet-6813.html,https://mathworksheethub.github.io/images/mixed-operations-math-worksheet-6813.jpg,Homeschool Math,04/04/2026 08:32:00 AM
Printable Free 14 Multiplication Math Worksheet For Grade 2 - Part 92 | Printable Practice,Free printable Multiplication worksheet for Grade 2. Perfect for homeschool practice and classroom activities.,https://mathworksheethub.github.io/html/printable-free-14-multiplication-math-worksheet-for-grade-2-part-92-6206.html,https://mathworksheethub.github.io/images/printable-free-14-multiplication-math-worksheet-for-grade-2-part-92-6206.jpg,Kids Math Worksheets,04/04/2026 11:00:00 AM
Free 26 Subtraction Math Worksheet For Grade 2 With Answers - Part 93 | Printable Practice,Printable Subtraction worksheet designed for Grade 2 students. Easy and fun math practice.,https://mathworksheethub.github.io/html/free-26-subtraction-math-worksheet-for-grade-2-with-answers-part-93-3067.html,https://mathworksheethub.github.io/images/free-26-subtraction-math-worksheet-for-grade-2-with-answers-part-93-3067.jpg,Printable Worksheets,04/04/2026 01:35:00 PM
5 Times Table Worksheet For Grade 2 - Part 94 | Printable Practice,Free printable Times Table worksheet for Grade 2. Perfect for homeschool practice and classroom activities.,https://mathworksheethub.github.io/html/5-times-table-worksheet-for-grade-2-part-94-9865.html,https://mathworksheethub.github.io/images/5-times-table-worksheet-for-grade-2-part-94-9865.jpg,Printable Worksheets,04/04/2026 04:32:00 PM
Printable Tracing Worksheet For Kids - Part 95 | Free Printable,Free printable Tracing worksheet for Kindergarten. Perfect for homeschool practice and classroom activities.,https://mathworksheethub.github.io/html/printable-tracing-worksheet-for-kids-part-95-9672.html,https://mathworksheethub.github.io/images/printable-tracing-worksheet-for-kids-part-95-9672.jpg,Kids Math Worksheets,04/04/2026 08:26:00 PM
Math Word Problem Worksheet,Printable Word Problem worksheet designed for Grade 3 students. Easy and fun math practice.,https://mathworksheethub.github.io/html/math-word-problem-worksheet-9990.html,https://mathworksheethub.github.io/images/math-word-problem-worksheet-9990.jpg,Elementary Math Activities,04/05/2026 08:37:00 AM
Free 21 Addition Math Worksheet For Grade 1 - Part 97 | Printable Practice,Fun and engaging Addition worksheet for Grade 1. Perfect printable math practice.,https://mathworksheethub.github.io/html/free-21-addition-math-worksheet-for-grade-1-part-97-1897.html,https://mathworksheethub.github.io/images/free-21-addition-math-worksheet-for-grade-1-part-97-1897.jpg,Homeschool Math,04/05/2026 11:00:00 AM
Grade 1 Count and Color Shapes Worksheet,Help kids master Count and Color with this printable worksheet for Grade 1. Great for daily math practice.,https://mathworksheethub.github.io/html/grade-1-count-and-color-shapes-worksheet-3544.html,https://mathworksheethub.github.io/images/grade-1-count-and-color-shapes-worksheet-3544.jpg,Printable Worksheets,04/05/2026 01:31:00 PM
Pre-K Count The Objects Worksheet - Part 99 | Printable Practice,Fun and engaging Counting Objects worksheet for Pre-K. Perfect printable math practice.,https://mathworksheethub.github.io/html/pre-k-count-the-objects-worksheet-part-99-5734.html,https://mathworksheethub.github.io/images/pre-k-count-the-objects-worksheet-part-99-5734.jpg,Math Practice Printables,04/05/2026 04:24:00 PM
Printable Free 10 Division Math Worksheet For Grade 2 - Part 100 | Printable Practice,Printable Division worksheet designed for Grade 2 students. Easy and fun math practice.,https://mathworksheethub.github.io/html/printable-free-10-division-math-worksheet-for-grade-2-part-100-9113.html,https://mathworksheethub.github.io/images/printable-free-10-division-math-worksheet-for-grade-2-part-100-9113.jpg,Math Practice Printables,04/05/2026 08:31:00 PM
Challenging Math Questions Quiz Worksheet for Teens,Free printable Math worksheet for Math. Perfect for homeschool practice and classroom activities.,https://mathworksheethub.github.io/html/challenging-math-questions-quiz-worksheet-for-teens-8813.html,https://mathworksheethub.github.io/images/challenging-math-questions-quiz-worksheet-for-teens-8813.jpg,Printable Worksheets,04/06/2026 08:25:00 AM
Missing Number Math Worksheet,Free printable Missing Number worksheet for Grade 1. Perfect for homeschool practice and classroom activities.,https://mathworksheethub.github.io/html/missing-number-math-worksheet-1400.html,https://mathworksheethub.github.io/images/missing-number-math-worksheet-1400.jpg,Printable Worksheets,04/06/2026 11:00:00 AM
Mixed Operations Math Worksheet,Printable Mixed Operations worksheet designed for Grade 3 students. Easy and fun math practice.,https://mathworksheethub.github.io/html/mixed-operations-math-worksheet-4622.html,https://mathworksheethub.github.io/images/mixed-operations-math-worksheet-4622.jpg,Math Practice Printables,04/06/2026 01:35:00 PM
Printable Free 25 Multiplication Math Worksheet For Grade 1 - Part 104 | Printable Practice,Printable Multiplication worksheet designed for Grade 1 students. Easy and fun math practice.,https://mathworksheethub.github.io/html/printable-free-25-multiplication-math-worksheet-for-grade-1-part-104-2864.html,https://mathworksheethub.github.io/images/printable-free-25-multiplication-math-worksheet-for-grade-1-part-104-2864.jpg,Kids Math Worksheets,04/06/2026 04:35:00 PM
Printable Free 14 Subtraction Math Worksheet For Grade 5 - Part 105 | Printable Practice,Fun and engaging Subtraction worksheet for Grade 5. Perfect printable math practice.,https://mathworksheethub.github.io/html/printable-free-14-subtraction-math-worksheet-for-grade-5-part-105-2704.html,https://mathworksheethub.github.io/images/printable-free-14-subtraction-math-worksheet-for-grade-5-part-105-2704.jpg,Homeschool Math,04/06/2026 08:22:00 PM
9 Times Table Worksheet For Grade 3 - Part 106 | Printable Practice,Printable Times Table worksheet designed for Grade 3 students. Easy and fun math practice.,https://mathworksheethub.github.io/html/9-times-table-worksheet-for-grade-3-part-106-2170.html,https://mathworksheethub.github.io/images/9-times-table-worksheet-for-grade-3-part-106-2170.jpg,Kids Math Worksheets,04/07/2026 08:27:00 AM
Printable Tracing Worksheet For Kids - Part 107 | Free Printable,Help kids master Tracing with this printable worksheet for Preschool. Great for daily math practice.,https://mathworksheethub.github.io/html/printable-tracing-worksheet-for-kids-part-107-7598.html,https://mathworksheethub.github.io/images/printable-tracing-worksheet-for-kids-part-107-7598.jpg,Elementary Math Activities,04/07/2026 11:06:00 AM
Math Word Problem Worksheet,Teachers and parents love this Word Problem worksheet for Grade 3. Download and print instantly.,https://mathworksheethub.github.io/html/math-word-problem-worksheet-7422.html,https://mathworksheethub.github.io/images/math-word-problem-worksheet-7422.jpg,Homeschool Math,04/07/2026 01:28:00 PM
Printable Free 28 Addition Math Worksheet For Grade 5 - Part 109 | Printable Practice,Free printable Addition worksheet for Grade 5. Perfect for homeschool practice and classroom activities.,https://mathworksheethub.github.io/html/printable-free-28-addition-math-worksheet-for-grade-5-part-109-5896.html,https://mathworksheethub.github.io/images/printable-free-28-addition-math-worksheet-for-grade-5-part-109-5896.jpg,Kids Math Worksheets,04/07/2026 04:25:00 PM
"Count and Color Triangle, Square, Star Worksheet for Kids",Teachers and parents love this Count and Color worksheet for Preschool. Download and print instantly.,https://mathworksheethub.github.io/html/count-and-color-triangle-square-star-worksheet-for-kids-1213.html,https://mathworksheethub.github.io/images/count-and-color-triangle-square-star-worksheet-for-kids-1213.jpg,Kids Math Worksheets,04/07/2026 08:32:00 PM
Free Counting Objects Worksheet For Kindergarten - Part 111 | Printable Practice,Printable Counting Objects worksheet designed for Kindergarten students. Easy and fun math practice.,https://mathworksheethub.github.io/html/free-counting-objects-worksheet-for-kindergarten-part-111-6431.html,https://mathworksheethub.github.io/images/free-counting-objects-worksheet-for-kindergarten-part-111-6431.jpg,Printable Worksheets,04/08/2026 08:34:00 AM
Grade 1 Division Practice Worksheet (13 Problems) - Part 112 | Printable Practice,Fun and engaging Division worksheet for Grade 1. Perfect printable math practice.,https://mathworksheethub.github.io/html/grade-1-division-practice-worksheet-13-problems-part-112-9949.html,https://mathworksheethub.github.io/images/grade-1-division-practice-worksheet-13-problems-part-112-9949.jpg,Math Practice Printables,04/08/2026 11:00:00 AM
4 Mathematics Practice Quiz Worksheet,Free printable Math worksheet for Math. Perfect for homeschool practice and classroom activities.,https://mathworksheethub.github.io/html/4-mathematics-practice-quiz-worksheet-7209.html,https://mathworksheethub.github.io/images/4-mathematics-practice-quiz-worksheet-7209.jpg,Homeschool Math,04/08/2026 01:36:00 PM
Missing Number Math Worksheet,Fun and engaging Missing Number worksheet for Grade 1. Perfect printable math practice.,https://mathworksheethub.github.io/html/missing-number-math-worksheet-3363.html,https://mathworksheethub.github.io/images/missing-number-math-worksheet-3363.jpg,Homeschool Math,04/08/2026 04:35:00 PM
Mixed Operations Math Worksheet,Fun and engaging Mixed Operations worksheet for Grade 3. Perfect printable math practice.,https://mathworksheethub.github.io/html/mixed-operations-math-worksheet-9977.html,https://mathworksheethub.github.io/images/mixed-operations-math-worksheet-9977.jpg,Kids Math Worksheets,04/08/2026 08:36:00 PM
Printable Free 10 Multiplication Math Worksheet For Grade 2 - Part 116 | Printable Practice,Free printable Multiplication worksheet for Grade 2. Perfect for homeschool practice and classroom activities.,https://mathworksheethub.github.io/html/printable-free-10-multiplication-math-worksheet-for-grade-2-part-116-9047.html,https://mathworksheethub.github.io/images/printable-free-10-multiplication-math-worksheet-for-grade-2-part-116-9047.jpg,Kids Math Worksheets,04/09/2026 08:22:00 AM
Free 30 Subtraction Math Worksheet For Grade 5 With Answers - Part 117 | Printable Practice,Free printable Subtraction worksheet for Grade 5. Perfect for homeschool practice and classroom activities.,https://mathworksheethub.github.io/html/free-30-subtraction-math-worksheet-for-grade-5-with-answers-part-117-2785.html,https://mathworksheethub.github.io/images/free-30-subtraction-math-worksheet-for-grade-5-with-answers-part-117-2785.jpg,Kids Math Worksheets,04/09/2026 11:00:00 AM
3 Times Table Worksheet For Grade 2 With Answers - Part 118 | Printable Practice,Free printable Times Table worksheet for Grade 2. Perfect for homeschool practice and classroom activities.,https://mathworksheethub.github.io/html/3-times-table-worksheet-for-grade-2-with-answers-part-118-8085.html,https://mathworksheethub.github.io/images/3-times-table-worksheet-for-grade-2-with-answers-part-118-8085.jpg,Elementary Math Activities,04/09/2026 01:31:00 PM
Printable Tracing Worksheet For Kids - Part 119 | Free Printable,Help kids master Tracing with this printable worksheet for Kindergarten. Great for daily math practice.,https://mathworksheethub.github.io/html/printable-tracing-worksheet-for-kids-part-119-2214.html,https://mathworksheethub.github.io/images/printable-tracing-worksheet-for-kids-part-119-2214.jpg,Homeschool Math,04/09/2026 04:26:00 PM
Math Word Problem Worksheet,Free printable Word Problem worksheet for Grade 3. Perfect for homeschool practice and classroom activities.,https://mathworksheethub.github.io/html/math-word-problem-worksheet-1697.html,https://mathworksheethub.github.io/images/math-word-problem-worksheet-1697.jpg,Math Practice Printables,04/09/2026 08:33:00 PM
Grade 3 Addition Practice Worksheet (16 Problems) - Part 121 | Printable Practice,Help kids master Addition with this printable worksheet for Grade 3. Great for daily math practice.,https://mathworksheethub.github.io/html/grade-3-addition-practice-worksheet-16-problems-part-121-4478.html,https://mathworksheethub.github.io/images/grade-3-addition-practice-worksheet-16-problems-part-121-4478.jpg,Kids Math Worksheets,04/10/2026 08:28:00 AM
Printable Count and Color Worksheet for Grade 1 Kids,Free printable Count and Color worksheet for Grade 1. Perfect for homeschool practice and classroom activities.,https://mathworksheethub.github.io/html/printable-count-and-color-worksheet-for-grade-1-kids-9429.html,https://mathworksheethub.github.io/images/printable-count-and-color-worksheet-for-grade-1-kids-9429.jpg,Homeschool Math,04/10/2026 11:00:00 AM
Free Counting Objects Worksheet For Pre-K Printable - Part 123 | Printable Practice,Teachers and parents love this Counting Objects worksheet for Pre-K. Download and print instantly.,https://mathworksheethub.github.io/html/free-counting-objects-worksheet-for-pre-k-printable-part-123-6402.html,https://mathworksheethub.github.io/images/free-counting-objects-worksheet-for-pre-k-printable-part-123-6402.jpg,Printable Worksheets,04/10/2026 01:38:00 PM
Printable Free 11 Division Math Worksheet For Grade 1 - Part 124 | Printable Practice,Fun and engaging Division worksheet for Grade 1. Perfect printable math practice.,https://mathworksheethub.github.io/html/printable-free-11-division-math-worksheet-for-grade-1-part-124-4125.html,https://mathworksheethub.github.io/images/printable-free-11-division-math-worksheet-for-grade-1-part-124-4125.jpg,Elementary Math Activities,04/10/2026 04:24:00 PM
Ultimate Math Quiz Worksheet (8 Questions),Fun and engaging Math worksheet for Math. Perfect printable math practice.,https://mathworksheethub.github.io/html/ultimate-math-quiz-worksheet-8-questions-1423.html,https://mathworksheethub.github.io/images/ultimate-math-quiz-worksheet-8-questions-1423.jpg,Homeschool Math,04/10/2026 08:31:00 PM
Missing Number Math Worksheet,Printable Missing Number worksheet designed for Grade 1 students. Easy and fun math practice.,https://mathworksheethub.github.io/html/missing-number-math-worksheet-4107.html,https://mathworksheethub.github.io/images/missing-number-math-worksheet-4107.jpg,Elementary Math Activities,04/11/2026 08:36:00 AM
Mixed Operations Math Worksheet,Help kids master Mixed Operations with this printable worksheet for Grade 3. Great for daily math practice.,https://mathworksheethub.github.io/html/mixed-operations-math-worksheet-5642.html,https://mathworksheethub.github.io/images/mixed-operations-math-worksheet-5642.jpg,Printable Worksheets,04/11/2026 11:08:00 AM
Grade 2 Multiplication Practice Worksheet (27 Problems) - Part 128 | Printable Practice,Help kids master Multiplication with this printable worksheet for Grade 2. Great for daily math practice.,https://mathworksheethub.github.io/html/grade-2-multiplication-practice-worksheet-27-problems-part-128-6513.html,https://mathworksheethub.github.io/images/grade-2-multiplication-practice-worksheet-27-problems-part-128-6513.jpg,Kids Math Worksheets,04/11/2026 01:34:00 PM
Free 15 Subtraction Math Worksheet For Grade 3 With Answers - Part 129 | Printable Practice,Free printable Subtraction worksheet for Grade 3. Perfect for homeschool practice and classroom activities.,https://mathworksheethub.github.io/html/free-15-subtraction-math-worksheet-for-grade-3-with-answers-part-129-7667.html,https://mathworksheethub.github.io/images/free-15-subtraction-math-worksheet-for-grade-3-with-answers-part-129-7667.jpg,Homeschool Math,04/11/2026 04:28:00 PM
5 Times Table Worksheet For Grade 2 - Part 130 | Printable Practice,Fun and engaging Times Table worksheet for Grade 2. Perfect printable math practice.,https://mathworksheethub.github.io/html/5-times-table-worksheet-for-grade-2-part-130-4107.html,https://mathworksheethub.github.io/images/5-times-table-worksheet-for-grade-2-part-130-4107.jpg,Math Practice Printables,04/11/2026 08:31:00 PM
Printable Tracing Worksheet For Kids - Part 131 | Free Printable,Fun and engaging Tracing worksheet for Preschool. Perfect printable math practice.,https://mathworksheethub.github.io/html/printable-tracing-worksheet-for-kids-part-131-6330.html,https://mathworksheethub.github.io/images/printable-tracing-worksheet-for-kids-part-131-6330.jpg,Math Practice Printables,04/12/2026 08:22:00 AM
Math Word Problem Worksheet,Fun and engaging Word Problem worksheet for Grade 3. Perfect printable math practice.,https://mathworksheethub.github.io/html/math-word-problem-worksheet-8669.html,https://mathworksheethub.github.io/images/math-word-problem-worksheet-8669.jpg,Kids Math Worksheets,04/12/2026 11:00:00 AM
Grade 5 Addition Practice Worksheet (27 Problems) - Part 133 | Printable Practice,Free printable Addition worksheet for Grade 5. Perfect for homeschool practice and classroom activities.,https://mathworksheethub.github.io/html/grade-5-addition-practice-worksheet-27-problems-part-133-4827.html,https://mathworksheethub.github.io/images/grade-5-addition-practice-worksheet-27-problems-part-133-4827.jpg,Kids Math Worksheets,04/12/2026 01:37:00 PM
Fun Count and Color Objects Worksheet for Kindergarten,Help kids master Count and Color with this printable worksheet for Kindergarten. Great for daily math practice.,https://mathworksheethub.github.io/html/fun-count-and-color-objects-worksheet-for-kindergarten-3653.html,https://mathworksheethub.github.io/images/fun-count-and-color-objects-worksheet-for-kindergarten-3653.jpg,Homeschool Math,04/12/2026 04:26:00 PM
Learn Counting With Pictures Worksheet (Kindergarten) - Part 135 | Printable Practice,Help kids master Counting Objects with this printable worksheet for Kindergarten. Great for daily math practice.,https://mathworksheethub.github.io/html/learn-counting-with-pictures-worksheet-kindergarten-part-135-9712.html,https://mathworksheethub.github.io/images/learn-counting-with-pictures-worksheet-kindergarten-part-135-9712.jpg,Elementary Math Activities,04/12/2026 08:22:00 PM
Grade 2 Division Practice Worksheet (30 Problems) - Part 136 | Printable Practice,Help kids master Division with this printable worksheet for Grade 2. Great for daily math practice.,https://mathworksheethub.github.io/html/grade-2-division-practice-worksheet-30-problems-part-136-1327.html,https://mathworksheethub.github.io/images/grade-2-division-practice-worksheet-30-problems-part-136-1327.jpg,Printable Worksheets,04/13/2026 08:33:00 AM
Practice General Math Quiz Worksheet (4 Questions),Free printable Math worksheet for Math. Perfect for homeschool practice and classroom activities.,https://mathworksheethub.github.io/html/practice-general-math-quiz-worksheet-4-questions-1026.html,https://mathworksheethub.github.io/images/practice-general-math-quiz-worksheet-4-questions-1026.jpg,Kids Math Worksheets,04/13/2026 11:00:00 AM
Missing Number Math Worksheet,Printable Missing Number worksheet designed for Grade 1 students. Easy and fun math practice.,https://mathworksheethub.github.io/html/missing-number-math-worksheet-7143.html,https://mathworksheethub.github.io/images/missing-number-math-worksheet-7143.jpg,Elementary Math Activities,04/13/2026 01:36:00 PM
Mixed Operations Math Worksheet,Teachers and parents love this Mixed Operations worksheet for Grade 3. Download and print instantly.,https://mathworksheethub.github.io/html/mixed-operations-math-worksheet-3064.html,https://mathworksheethub.github.io/images/mixed-operations-math-worksheet-3064.jpg,Printable Worksheets,04/13/2026 04:23:00 PM
Grade 1 Multiplication Practice Worksheet (12 Problems) - Part 140 | Printable Practice,Teachers and parents love this Multiplication worksheet for Grade 1. Download and print instantly.,https://mathworksheethub.github.io/html/grade-1-multiplication-practice-worksheet-12-problems-part-140-3447.html,https://mathworksheethub.github.io/images/grade-1-multiplication-practice-worksheet-12-problems-part-140-3447.jpg,Homeschool Math,04/13/2026 08:38:00 PM
Free 28 Subtraction Math Worksheet For Grade 3 - Part 141 | Printable Practice,Teachers and parents love this Subtraction worksheet for Grade 3. Download and print instantly.,https://mathworksheethub.github.io/html/free-28-subtraction-math-worksheet-for-grade-3-part-141-1415.html,https://mathworksheethub.github.io/images/free-28-subtraction-math-worksheet-for-grade-3-part-141-1415.jpg,Math Practice Printables,04/14/2026 08:35:00 AM
Printable 12 Times Table Worksheet For Grade 4 - Part 142 | Printable Practice,Fun and engaging Times Table worksheet for Grade 4. Perfect printable math practice.,https://mathworksheethub.github.io/html/printable-12-times-table-worksheet-for-grade-4-part-142-8283.html,https://mathworksheethub.github.io/images/printable-12-times-table-worksheet-for-grade-4-part-142-8283.jpg,Homeschool Math,04/14/2026 11:00:00 AM
Printable Tracing Worksheet For Kids - Part 143 | Free Printable,Help kids master Tracing with this printable worksheet for Kindergarten. Great for daily math practice.,https://mathworksheethub.github.io/html/printable-tracing-worksheet-for-kids-part-143-1712.html,https://mathworksheethub.github.io/images/printable-tracing-worksheet-for-kids-part-143-1712.jpg,Kids Math Worksheets,04/14/2026 01:23:00 PM
Math Word Problem Worksheet,Fun and engaging Word Problem worksheet for Grade 3. Perfect printable math practice.,https://mathworksheethub.github.io/html/math-word-problem-worksheet-7098.html,https://mathworksheethub.github.io/images/math-word-problem-worksheet-7098.jpg,Printable Worksheets,04/14/2026 04:25:00 PM
Grade 3 Addition Practice Worksheet (23 Problems) - Part 145 | Printable Practice,Help kids master Addition with this printable worksheet for Grade 3. Great for daily math practice.,https://mathworksheethub.github.io/html/grade-3-addition-practice-worksheet-23-problems-part-145-9057.html,https://mathworksheethub.github.io/images/grade-3-addition-practice-worksheet-23-problems-part-145-9057.jpg,Printable Worksheets,04/14/2026 08:29:00 PM
Grade 1 Count and Color Shapes Worksheet,Printable Count and Color worksheet designed for Grade 1 students. Easy and fun math practice.,https://mathworksheethub.github.io/html/grade-1-count-and-color-shapes-worksheet-7912.html,https://mathworksheethub.github.io/images/grade-1-count-and-color-shapes-worksheet-7912.jpg,Printable Worksheets,04/15/2026 08:28:00 AM
Kindergarten Count The Objects Worksheet - Part 147 | Printable Practice,Printable Counting Objects worksheet designed for Kindergarten students. Easy and fun math practice.,https://mathworksheethub.github.io/html/kindergarten-count-the-objects-worksheet-part-147-8847.html,https://mathworksheethub.github.io/images/kindergarten-count-the-objects-worksheet-part-147-8847.jpg,Elementary Math Activities,04/15/2026 11:00:00 AM
Grade 1 Division Practice Worksheet (30 Problems) - Part 148 | Printable Practice,Teachers and parents love this Division worksheet for Grade 1. Download and print instantly.,https://mathworksheethub.github.io/html/grade-1-division-practice-worksheet-30-problems-part-148-5694.html,https://mathworksheethub.github.io/images/grade-1-division-practice-worksheet-30-problems-part-148-5694.jpg,Homeschool Math,04/15/2026 01:29:00 PM
Printable Math Knowledge Test Worksheet (4 Questions),Teachers and parents love this Math worksheet for Math. Download and print instantly.,https://mathworksheethub.github.io/html/printable-math-knowledge-test-worksheet-4-questions-3970.html,https://mathworksheethub.github.io/images/printable-math-knowledge-test-worksheet-4-questions-3970.jpg,Elementary Math Activities,04/15/2026 04:25:00 PM
Missing Number Math Worksheet,Printable Missing Number worksheet designed for Grade 1 students. Easy and fun math practice.,https://mathworksheethub.github.io/html/missing-number-math-worksheet-9402.html,https://mathworksheethub.github.io/images/missing-number-math-worksheet-9402.jpg,Homeschool Math,04/15/2026 08:33:00 PM
Mixed Operations Math Worksheet,Fun and engaging Mixed Operations worksheet for Grade 3. Perfect printable math practice.,https://mathworksheethub.github.io/html/mixed-operations-math-worksheet-9574.html,https://mathworksheethub.github.io/images/mixed-operations-math-worksheet-9574.jpg,Math Practice Printables,04/16/2026 08:30:00 AM
Free 12 Multiplication Math Worksheet For Grade 2 With Answers - Part 152 | Printable Practice,Help kids master Multiplication with this printable worksheet for Grade 2. Great for daily math practice.,https://mathworksheethub.github.io/html/free-12-multiplication-math-worksheet-for-grade-2-with-answers-part-152-2963.html,https://mathworksheethub.github.io/images/free-12-multiplication-math-worksheet-for-grade-2-with-answers-part-152-2963.jpg,Kids Math Worksheets,04/16/2026 11:03:00 AM
Printable Free 18 Subtraction Math Worksheet For Grade 5 - Part 153 | Printable Practice,Teachers and parents love this Subtraction worksheet for Grade 5. Download and print instantly.,https://mathworksheethub.github.io/html/printable-free-18-subtraction-math-worksheet-for-grade-5-part-153-8859.html,https://mathworksheethub.github.io/images/printable-free-18-subtraction-math-worksheet-for-grade-5-part-153-8859.jpg,Elementary Math Activities,04/16/2026 01:22:00 PM
Printable 8 Times Table Worksheet For Grade 3 - Part 154 | Printable Practice,Free printable Times Table worksheet for Grade 3. Perfect for homeschool practice and classroom activities.,https://mathworksheethub.github.io/html/printable-8-times-table-worksheet-for-grade-3-part-154-3755.html,https://mathworksheethub.github.io/images/printable-8-times-table-worksheet-for-grade-3-part-154-3755.jpg,Homeschool Math,04/16/2026 04:38:00 PM
Printable Tracing Worksheet For Kids - Part 155 | Free Printable,Free printable Tracing worksheet for Preschool. Perfect for homeschool practice and classroom activities.,https://mathworksheethub.github.io/html/printable-tracing-worksheet-for-kids-part-155-9442.html,https://mathworksheethub.github.io/images/printable-tracing-worksheet-for-kids-part-155-9442.jpg,Math Practice Printables,04/16/2026 08:34:00 PM
Math Word Problem Worksheet,Help kids master Word Problem with this printable worksheet for Grade 3. Great for daily math practice.,https://mathworksheethub.github.io/html/math-word-problem-worksheet-6855.html,https://mathworksheethub.github.io/images/math-word-problem-worksheet-6855.jpg,Homeschool Math,04/17/2026 08:32:00 AM
Free 19 Addition Math Worksheet For Grade 1 - Part 157 | Printable Practice,Printable Addition worksheet designed for Grade 1 students. Easy and fun math practice.,https://mathworksheethub.github.io/html/free-19-addition-math-worksheet-for-grade-1-part-157-2669.html,https://mathworksheethub.github.io/images/free-19-addition-math-worksheet-for-grade-1-part-157-2669.jpg,Printable Worksheets,04/17/2026 11:08:00 AM
Grade 1 Count and Color Shapes Worksheet,Help kids master Count and Color with this printable worksheet for Grade 1. Great for daily math practice.,https://mathworksheethub.github.io/html/grade-1-count-and-color-shapes-worksheet-5948.html,https://mathworksheethub.github.io/images/grade-1-count-and-color-shapes-worksheet-5948.jpg,Kids Math Worksheets,04/17/2026 01:28:00 PM
Learn Counting With Pictures Worksheet (Pre-K) - Part 159 | Printable Practice,Help kids master Counting Objects with this printable worksheet for Pre-K. Great for daily math practice.,https://mathworksheethub.github.io/html/learn-counting-with-pictures-worksheet-pre-k-part-159-6918.html,https://mathworksheethub.github.io/images/learn-counting-with-pictures-worksheet-pre-k-part-159-6918.jpg,Printable Worksheets,04/17/2026 04:23:00 PM
Grade 2 Division Practice Worksheet (12 Problems) - Part 160 | Printable Practice,Fun and engaging Division worksheet for Grade 2. Perfect printable math practice.,https://mathworksheethub.github.io/html/grade-2-division-practice-worksheet-12-problems-part-160-1352.html,https://mathworksheethub.github.io/images/grade-2-division-practice-worksheet-12-problems-part-160-1352.jpg,Kids Math Worksheets,04/17/2026 08:23:00 PM
8 Math Skill Test Printable Worksheet,Free printable Math worksheet for Math. Perfect for homeschool practice and classroom activities.,https://mathworksheethub.github.io/html/8-math-skill-test-printable-worksheet-9935.html,https://mathworksheethub.github.io/images/8-math-skill-test-printable-worksheet-9935.jpg,Printable Worksheets,04/18/2026 08:30:00 AM
Missing Number Math Worksheet,Fun and engaging Missing Number worksheet for Grade 1. Perfect printable math practice.,https://mathworksheethub.github.io/html/missing-number-math-worksheet-2534.html,https://mathworksheethub.github.io/images/missing-number-math-worksheet-2534.jpg,Math Practice Printables,04/18/2026 11:08:00 AM
Mixed Operations Math Worksheet,Free printable Mixed Operations worksheet for Grade 3. Perfect for homeschool practice and classroom activities.,https://mathworksheethub.github.io/html/mixed-operations-math-worksheet-1260.html,https://mathworksheethub.github.io/images/mixed-operations-math-worksheet-1260.jpg,Math Practice Printables,04/18/2026 01:34:00 PM
Printable Free 11 Multiplication Math Worksheet For Grade 1 - Part 164 | Printable Practice,Help kids master Multiplication with this printable worksheet for Grade 1. Great for daily math practice.,https://mathworksheethub.github.io/html/printable-free-11-multiplication-math-worksheet-for-grade-1-part-164-9142.html,https://mathworksheethub.github.io/images/printable-free-11-multiplication-math-worksheet-for-grade-1-part-164-9142.jpg,Elementary Math Activities,04/18/2026 04:23:00 PM
Free 28 Subtraction Math Worksheet For Grade 3 With Answers - Part 165 | Printable Practice,Printable Subtraction worksheet designed for Grade 3 students. Easy and fun math practice.,https://mathworksheethub.github.io/html/free-28-subtraction-math-worksheet-for-grade-3-with-answers-part-165-7502.html,https://mathworksheethub.github.io/images/free-28-subtraction-math-worksheet-for-grade-3-with-answers-part-165-7502.jpg,Kids Math Worksheets,04/18/2026 08:30:00 PM
Printable 8 Times Table Worksheet For Grade 3 - Part 166 | Printable Practice,Fun and engaging Times Table worksheet for Grade 3. Perfect printable math practice.,https://mathworksheethub.github.io/html/printable-8-times-table-worksheet-for-grade-3-part-166-8140.html,https://mathworksheethub.github.io/images/printable-8-times-table-worksheet-for-grade-3-part-166-8140.jpg,Math Practice Printables,04/19/2026 08:32:00 AM
Printable Tracing Worksheet For Kids - Part 167 | Free Printable,Free printable Tracing worksheet for Preschool. Perfect for homeschool practice and classroom activities.,https://mathworksheethub.github.io/html/printable-tracing-worksheet-for-kids-part-167-1712.html,https://mathworksheethub.github.io/images/printable-tracing-worksheet-for-kids-part-167-1712.jpg,Printable Worksheets,04/19/2026 11:00:00 AM
Math Word Problem Worksheet,Printable Word Problem worksheet designed for Grade 3 students. Easy and fun math practice.,https://mathworksheethub.github.io/html/math-word-problem-worksheet-7310.html,https://mathworksheethub.github.io/images/math-word-problem-worksheet-7310.jpg,Printable Worksheets,04/19/2026 01:24:00 PM
Free 20 Addition Math Worksheet For Grade 3 - Part 169 | Printable Practice,Help kids master Addition with this printable worksheet for Grade 3. Great for daily math practice.,https://mathworksheethub.github.io/html/free-20-addition-math-worksheet-for-grade-3-part-169-4442.html,https://mathworksheethub.github.io/images/free-20-addition-math-worksheet-for-grade-3-part-169-4442.jpg,Kids Math Worksheets,04/19/2026 04:24:00 PM
Preschool Count and Color Shapes Worksheet,Printable Count and Color worksheet designed for Preschool students. Easy and fun math practice.,https://mathworksheethub.github.io/html/preschool-count-and-color-shapes-worksheet-6249.html,https://mathworksheethub.github.io/images/preschool-count-and-color-shapes-worksheet-6249.jpg,Kids Math Worksheets,04/19/2026 08:28:00 PM
Free Counting Objects Worksheet For Kindergarten - Part 171 | Printable Practice,Free printable Counting Objects worksheet for Kindergarten. Perfect for homeschool practice and classroom activities.,https://mathworksheethub.github.io/html/free-counting-objects-worksheet-for-kindergarten-part-171-8728.html,https://mathworksheethub.github.io/images/free-counting-objects-worksheet-for-kindergarten-part-171-8728.jpg,Math Practice Printables,04/20/2026 08:26:00 AM
Printable Free 25 Division Math Worksheet For Grade 2 - Part 172 | Printable Practice,Fun and engaging Division worksheet for Grade 2. Perfect printable math practice.,https://mathworksheethub.github.io/html/printable-free-25-division-math-worksheet-for-grade-2-part-172-8952.html,https://mathworksheethub.github.io/images/printable-free-25-division-math-worksheet-for-grade-2-part-172-8952.jpg,Printable Worksheets,04/20/2026 11:00:00 AM
4 Math Questions Practice Worksheet,Printable Math worksheet designed for Math students. Easy and fun math practice.,https://mathworksheethub.github.io/html/4-math-questions-practice-worksheet-1234.html,https://mathworksheethub.github.io/images/4-math-questions-practice-worksheet-1234.jpg,Kids Math Worksheets,04/20/2026 01:31:00 PM
Missing Number Math Worksheet,Fun and engaging Missing Number worksheet for Grade 1. Perfect printable math practice.,https://mathworksheethub.github.io/html/missing-number-math-worksheet-4904.html,https://mathworksheethub.github.io/images/missing-number-math-worksheet-4904.jpg,Printable Worksheets,04/20/2026 04:38:00 PM
Mixed Operations Math Worksheet,Fun and engaging Mixed Operations worksheet for Grade 3. Perfect printable math practice.,https://mathworksheethub.github.io/html/mixed-operations-math-worksheet-6821.html,https://mathworksheethub.github.io/images/mixed-operations-math-worksheet-6821.jpg,Math Practice Printables,04/20/2026 08:35:00 PM
Free 18 Multiplication Math Worksheet For Grade 1 With Answers - Part 176 | Printable Practice,Teachers and parents love this Multiplication worksheet for Grade 1. Download and print instantly.,https://mathworksheethub.github.io/html/free-18-multiplication-math-worksheet-for-grade-1-with-answers-part-176-4976.html,https://mathworksheethub.github.io/images/free-18-multiplication-math-worksheet-for-grade-1-with-answers-part-176-4976.jpg,Homeschool Math,04/21/2026 08:26:00 AM
Free 15 Subtraction Math Worksheet For Grade 5 - Part 177 | Printable Practice,Free printable Subtraction worksheet for Grade 5. Perfect for homeschool practice and classroom activities.,https://mathworksheethub.github.io/html/free-15-subtraction-math-worksheet-for-grade-5-part-177-8178.html,https://mathworksheethub.github.io/images/free-15-subtraction-math-worksheet-for-grade-5-part-177-8178.jpg,Homeschool Math,04/21/2026 11:00:00 AM
5 Times Table Worksheet For Grade 2 - Part 178 | Printable Practice,Free printable Times Table worksheet for Grade 2. Perfect for homeschool practice and classroom activities.,https://mathworksheethub.github.io/html/5-times-table-worksheet-for-grade-2-part-178-1507.html,https://mathworksheethub.github.io/images/5-times-table-worksheet-for-grade-2-part-178-1507.jpg,Elementary Math Activities,04/21/2026 01:24:00 PM
Printable Tracing Worksheet For Kids - Part 179 | Free Printable,Help kids master Tracing with this printable worksheet for Kindergarten. Great for daily math practice.,https://mathworksheethub.github.io/html/printable-tracing-worksheet-for-kids-part-179-9806.html,https://mathworksheethub.github.io/images/printable-tracing-worksheet-for-kids-part-179-9806.jpg,Math Practice Printables,04/21/2026 04:34:00 PM
Math Word Problem Worksheet,Fun and engaging Word Problem worksheet for Grade 3. Perfect printable math practice.,https://mathworksheethub.github.io/html/math-word-problem-worksheet-4401.html,https://mathworksheethub.github.io/images/math-word-problem-worksheet-4401.jpg,Printable Worksheets,04/21/2026 08:32:00 PM
Grade 1 Addition Practice Worksheet (26 Problems) - Part 181 | Printable Practice,Printable Addition worksheet designed for Grade 1 students. Easy and fun math practice.,https://mathworksheethub.github.io/html/grade-1-addition-practice-worksheet-26-problems-part-181-9613.html,https://mathworksheethub.github.io/images/grade-1-addition-practice-worksheet-26-problems-part-181-9613.jpg,Math Practice Printables,04/22/2026 08:23:00 AM
5 Free Count and Color Worksheets for Grade 1,Free printable Count and Color worksheet for Grade 1. Perfect for homeschool practice and classroom activities.,https://mathworksheethub.github.io/html/5-free-count-and-color-worksheets-for-grade-1-5862.html,https://mathworksheethub.github.io/images/5-free-count-and-color-worksheets-for-grade-1-5862.jpg,Math Practice Printables,04/22/2026 11:04:00 AM
Free Counting Objects Worksheet For Pre-K Printable - Part 183 | Printable Practice,Teachers and parents love this Counting Objects worksheet for Pre-K. Download and print instantly.,https://mathworksheethub.github.io/html/free-counting-objects-worksheet-for-pre-k-printable-part-183-3790.html,https://mathworksheethub.github.io/images/free-counting-objects-worksheet-for-pre-k-printable-part-183-3790.jpg,Printable Worksheets,04/22/2026 01:28:00 PM
Free 14 Division Math Worksheet For Grade 2 - Part 184 | Printable Practice,Help kids master Division with this printable worksheet for Grade 2. Great for daily math practice.,https://mathworksheethub.github.io/html/free-14-division-math-worksheet-for-grade-2-part-184-4035.html,https://mathworksheethub.github.io/images/free-14-division-math-worksheet-for-grade-2-part-184-4035.jpg,Kids Math Worksheets,04/22/2026 04:27:00 PM
7 Math Questions for Teens,Fun and engaging Math worksheet for Math. Perfect printable math practice.,https://mathworksheethub.github.io/html/7-math-questions-for-teens-2620.html,https://mathworksheethub.github.io/images/7-math-questions-for-teens-2620.jpg,Printable Worksheets,04/22/2026 08:24:00 PM
Missing Number Math Worksheet,Fun and engaging Missing Number worksheet for Grade 1. Perfect printable math practice.,https://mathworksheethub.github.io/html/missing-number-math-worksheet-3692.html,https://mathworksheethub.github.io/images/missing-number-math-worksheet-3692.jpg,Printable Worksheets,04/23/2026 08:37:00 AM
Mixed Operations Math Worksheet,Help kids master Mixed Operations with this printable worksheet for Grade 3. Great for daily math practice.,https://mathworksheethub.github.io/html/mixed-operations-math-worksheet-2445.html,https://mathworksheethub.github.io/images/mixed-operations-math-worksheet-2445.jpg,Math Practice Printables,04/23/2026 11:03:00 AM
Printable Free 24 Multiplication Math Worksheet For Grade 1 - Part 188 | Printable Practice,Printable Multiplication worksheet designed for Grade 1 students. Easy and fun math practice.,https://mathworksheethub.github.io/html/printable-free-24-multiplication-math-worksheet-for-grade-1-part-188-1671.html,https://mathworksheethub.github.io/images/printable-free-24-multiplication-math-worksheet-for-grade-1-part-188-1671.jpg,Homeschool Math,04/23/2026 01:33:00 PM
Grade 2 Subtraction Practice Worksheet (16 Problems) - Part 189 | Printable Practice,Free printable Subtraction worksheet for Grade 2. Perfect for homeschool practice and classroom activities.,https://mathworksheethub.github.io/html/grade-2-subtraction-practice-worksheet-16-problems-part-189-1196.html,https://mathworksheethub.github.io/images/grade-2-subtraction-practice-worksheet-16-problems-part-189-1196.jpg,Elementary Math Activities,04/23/2026 04:22:00 PM
8 Times Table Worksheet For Grade 3 With Answers - Part 190 | Printable Practice,Free printable Times Table worksheet for Grade 3. Perfect for homeschool practice and classroom activities.,https://mathworksheethub.github.io/html/8-times-table-worksheet-for-grade-3-with-answers-part-190-7403.html,https://mathworksheethub.github.io/images/8-times-table-worksheet-for-grade-3-with-answers-part-190-7403.jpg,Kids Math Worksheets,04/23/2026 08:29:00 PM
Printable Tracing Worksheet For Kids - Part 191 | Free Printable,Printable Tracing worksheet designed for Kindergarten students. Easy and fun math practice.,https://mathworksheethub.github.io/html/printable-tracing-worksheet-for-kids-part-191-6872.html,https://mathworksheethub.github.io/images/printable-tracing-worksheet-for-kids-part-191-6872.jpg,Homeschool Math,04/24/2026 08:22:00 AM
Math Word Problem Worksheet,Printable Word Problem worksheet designed for Grade 3 students. Easy and fun math practice.,https://mathworksheethub.github.io/html/math-word-problem-worksheet-2620.html,https://mathworksheethub.github.io/images/math-word-problem-worksheet-2620.jpg,Homeschool Math,04/24/2026 11:00:00 AM
Free 12 Addition Math Worksheet For Grade 1 - Part 193 | Printable Practice,Teachers and parents love this Addition worksheet for Grade 1. Download and print instantly.,https://mathworksheethub.github.io/html/free-12-addition-math-worksheet-for-grade-1-part-193-2828.html,https://mathworksheethub.github.io/images/free-12-addition-math-worksheet-for-grade-1-part-193-2828.jpg,Math Practice Printables,04/24/2026 01:35:00 PM
"Count and Color Flower, Car, Car Worksheet for Kids",Fun and engaging Count and Color worksheet for Preschool. Perfect printable math practice.,https://mathworksheethub.github.io/html/count-and-color-flower-car-car-worksheet-for-kids-9229.html,https://mathworksheethub.github.io/images/count-and-color-flower-car-car-worksheet-for-kids-9229.jpg,Kids Math Worksheets,04/24/2026 04:36:00 PM
Free Counting Objects Worksheet For Kindergarten - Part 195 | Printable Practice,Printable Counting Objects worksheet designed for Kindergarten students. Easy and fun math practice.,https://mathworksheethub.github.io/html/free-counting-objects-worksheet-for-kindergarten-part-195-9543.html,https://mathworksheethub.github.io/images/free-counting-objects-worksheet-for-kindergarten-part-195-9543.jpg,Printable Worksheets,04/24/2026 08:37:00 PM
Free 22 Division Math Worksheet For Grade 2 - Part 196 | Printable Practice,Teachers and parents love this Division worksheet for Grade 2. Download and print instantly.,https://mathworksheethub.github.io/html/free-22-division-math-worksheet-for-grade-2-part-196-4851.html,https://mathworksheethub.github.io/images/free-22-division-math-worksheet-for-grade-2-part-196-4851.jpg,Kids Math Worksheets,04/25/2026 08:31:00 AM
Printable Math Knowledge Test Worksheet (4 Questions),Teachers and parents love this Math worksheet for Math. Download and print instantly.,https://mathworksheethub.github.io/html/printable-math-knowledge-test-worksheet-4-questions-4389.html,https://mathworksheethub.github.io/images/printable-math-knowledge-test-worksheet-4-questions-4389.jpg,Kids Math Worksheets,04/25/2026 11:00:00 AM
Missing Number Math Worksheet,Printable Missing Number worksheet designed for Grade 1 students. Easy and fun math practice.,https://mathworksheethub.github.io/html/missing-number-math-worksheet-8403.html,https://mathworksheethub.github.io/images/missing-number-math-worksheet-8403.jpg,Homeschool Math,04/25/2026 01:33:00 PM
Mixed Operations Math Worksheet,Fun and engaging Mixed Operations worksheet for Grade 3. Perfect printable math practice.,https://mathworksheethub.github.io/html/mixed-operations-math-worksheet-1238.html,https://mathworksheethub.github.io/images/mixed-operations-math-worksheet-1238.jpg,Homeschool Math,04/25/2026 04:25:00 PM
Free 15 Multiplication Math Worksheet For Grade 1 With Answers - Part 200 | Printable Practice,Teachers and parents love this Multiplication worksheet for Grade 1. Download and print instantly.,https://mathworksheethub.github.io/html/free-15-multiplication-math-worksheet-for-grade-1-with-answers-part-200-2057.html,https://mathworksheethub.github.io/images/free-15-multiplication-math-worksheet-for-grade-1-with-answers-part-200-2057.jpg,Printable Worksheets,04/25/2026 08:37:00 PM
